x,y,label
0.042213711340190876,-0.0289915658495212,0
0.007657880959664903,-0.11320516777961816,0
-0.01001012677761691,-0.12124765412895586,0
-0.11796771206066911,0.09912009651868942,0
0.16114679469363546,-0.06505900708421729,0
-0.14539975041971878,0.0966844896441081,0
-0.16853889216843193,0.0881846806474431,0
-0.1371946457788176,0.1627578694772629,0
-0.18458280552670667,0.11661920896606177,0
0.023492183690857833,0.22260633576287914,0
-0.00418946938313826,-0.22546172235526046,0
0.2139792704952113,0.11593019354936313,0
-0.2335602113478494,0.11802914420594252,0
0.1417166939341609,-0.22510746596221917,0
-0.2240249573858515,0.16099401178702677,0
-0.2693469687622781,0.08030032921324703,0
0.041528936125442,0.2899863472205934,0
0.19861431670576707,-0.2380248369865519,0
-0.31957328346146396,0.01140587433763619,0
-0.1023722047607788,-0.30876109127042095,0
0.1570390950376082,0.30160637276979635,0
0.32051713555537287,0.1254610379309736,0
0.3528123510986996,0.0123515870271156,0
0.18674328703232942,-0.30060165951858775,0
0.3364342888045963,-0.13436335184892098,0
0.18555087472109927,0.3258359897897256,0
-0.05887881468320161,-0.3882266617562403,0
-0.09248970892409267,0.3843066936128676,0
-0.02122623991419014,-0.404645575646997,0
0.07342919380226193,0.3997368650893047,0
-0.11904519770218747,-0.40065678062244997,0
-0.08579904529134992,0.41118686903119056,0
-0.06491033068703972,-0.4219520702110029,0
-0.22613748208616602,0.36772998584425814,0
0.4267634216396933,-0.10497364480515976,0
-0.3188224709284276,-0.31533909426703033,0
-0.1696842370775141,-0.41611587703111724,0
0.3978407332268249,0.23432289090249084,0
0.4609080289041235,0.12047946376335762,0
-0.4871184001137819,0.028936519985231772,0
-0.29469227604148096,0.3960825574986184,0
0.13933513081777102,0.47544635099002625,0
0.07152202180832123,-0.49244339476180093,0
0.1771194898984053,-0.4657725235272778,0
-0.15466085767207383,-0.4794447304078245,0
-0.11669692070967155,-0.49088053522942715,0
0.47885753443979995,-0.20013519082453576,0
-0.4321402685571965,-0.2883167040301839,0
-0.26825796792754175,-0.4464374015119733,0
-0.18935336625539761,-0.4904880703557075,0
-0.4761445069824911,-0.23755611380033864,0
0.5072430659009286,-0.18483567203452622,0
-0.5352066426886389,-0.07859909556068297,0
0.5057559969393415,0.199017631091903,0
0.3258221742622307,-0.4371314644720143,0
-0.5260936146251001,-0.18257343262900805,0
-0.38004626908746586,-0.41618475938337546,0
0.4754542172565352,0.3233405619173165,0
-0.4836552148378445,-0.3249889392028203,0
-0.01989888042936721,-0.5905740570587078,0
0.1101077969361132,-0.5814189687959557,0
-0.46828382346881386,-0.36459348901285454,0
-0.44093471127043493,-0.4185080441957279,0
-0.5842318872899254,0.19750337890308162,0
-0.3593917268243023,0.5044006504763129,0
-0.6123429716068574,0.1099569658506376,0
-0.04769070326844907,-0.6234785516911975,0
0.5841219179582141,0.24064502583335032,0
-0.4312884396701628,-0.46529875397089565,0
-0.5803267958426973,-0.2568502679053028,0
-0.6127912286043947,0.18001395570736883,0
0.5794476323904098,0.2734843931441237,0
-0.5151487359167044,0.38163329333871826,0
-0.3134395813966086,0.5608624798233036,0
0.5167315253409162,0.3893384513114868,0
0.6494336242935124,0.02098942354060382,0
0.3682843487169282,0.5430347780780688,0
-0.6616942751412723,-0.05648939276344417,0
-0.257702910852904,-0.6169141827000573,0
0.44467172358246176,-0.5220846363399949,0
0.4860816364321654,0.508669878371362,0
-0.285346455530351,0.6451618832897547,0
0.011166309545047168,0.7105697626831121,0
-0.48755520458928225,-0.5172778525283194,0
0.5800161827053648,0.422767848564881,0
0.6054844399809941,-0.40359634314716,0
-0.41028989957884837,-0.6160930012744137,0
0.7366375450140027,-0.15248944477940482,0
0.6108809365846107,0.4440251193029702,0
-0.7589483799838045,-0.009338627099657337,0
0.7518538360718091,-0.1344209387689049,0
-0.7625952945679446,0.09532617305762951,0
0.06496281786242734,-0.7670886955326732,0
0.4856859167289482,-0.604331342296748,0
-0.3291741750605206,-0.7140619874350608,0
-0.721870438699099,0.31662273417141673,0
0.005906336828452165,-0.7970213709490076,0
0.3513783421192601,-0.7193469834499182,0
-0.7212337263110106,-0.3648124298036091,0
0.7779835149480151,-0.2274215748902394,0
0.39736364540766167,0.7177720334289229,0
0.49936783153580405,-0.6559907692685613,0
-0.7650913765706905,0.3192426671201386,0
0.800798647460382,0.22491440049912328,0
0.3444632195432612,0.7620589135034024,0
0.6814657435829414,0.4962642017810959,0
-0.5858444789238048,-0.6079183059751531,0
-0.2827795519321424,-0.7973345431141121,0
-0.29383435133856284,-0.7966905872420377,0
0.7683446604117726,-0.36320826917813603,0
-0.08987762847506815,-0.850499092885764,0
-0.5042227625600452,-0.7285115731617021,0
0.7567018708625822,-0.47064760893144236,0
-0.5557844669363151,-0.6987626194707279,0
-0.018013101698427715,-0.9022935027031216,0
-0.6929660825079145,0.5791241395213789,0
0.34332998888840915,-0.8386247997418349,0
-0.00442901881485283,0.9139693966660838,0
-0.4591664677225659,0.7958125536588422,0
-0.14025097674412348,-0.9085441021582149,0
0.2391865381699142,0.8877478923872711,0
0.7581113276046563,0.5233624088382156,0
-0.13715678338036474,-0.9136499876048697,0
0.8141407479600498,-0.440505919601735,0
-0.38559133158784825,-0.8512770257787686,0
0.878767906110537,-0.3252071662960929,0
0.9071934108028346,0.24763880664091018,0
0.8773673670434909,0.33910574069093224,0
0.926625759097989,-0.16620637856903006,0
0.8656034305031677,0.388551309580731,0
-0.17795140370264817,-0.933565407499386,0
-0.2131160963817734,0.9321817416843842,0
-0.9366522458365047,-0.21420885291419842,0
-0.8942345285126372,-0.3565510113455338,0
-0.9190913237501624,0.29135584832853045,0
-0.9253275073552555,-0.2749173178611819,0
-0.14588973698776583,0.9607492926942751,0
-0.973435409286128,-0.07670960397832205,0
0.389155192720261,0.9060103606973294,0
0.5144149586733384,0.8509628793153983,0
-0.8486101950867744,0.5253028794727903,0
-0.8739113849465953,0.48511019173909786,0
-0.8161074273066803,-0.5890436834138488,0
-0.931538100195636,-0.38859778353194757,0
0.41134923632178594,-0.9227590165304147,0
-0.09165065900242278,-1.0104140706433782,0
0.7857525726161569,-0.6449052434740324,0
0.07373278849396801,-1.0165637090569986,0
-0.4554184674007303,0.9158468364460682,0
-1.0116052226780705,-0.18436387362191192,0
0.4683648274483599,0.9165999795242731,0
-1.030041920620866,0.07457669364474724,0
-0.3164685469650384,-0.9905968050760692,0
0.4318815611934681,0.9501195507766498,0
0.6742790444957127,-0.7999480823242363,0
-0.5362098689500661,-0.8999809419525557,0
0.6577833367464222,-0.8237009793769172,0
0.7971153668137457,-0.6913773380960296,0
0.9335487884510444,0.4929718573197736,0
-0.2353373232652,-1.033637382514976,0
0.8505994290259994,-0.6328787324870516,0
0.9484165403471644,0.47945231901151597,0
0.79521214535729,-0.7142032667078095,0
-0.8181275844155684,-0.6905476135504811,0
-1.015123602194377,-0.35652469852212393,0
0.6613813038186709,0.8491432528856265,0
1.0438429855946891,0.272221852217478,0
0.19546129848640367,-1.0621001588719297,0
1.0536444947244927,0.25385147568266814,0
-0.2896899482492451,-1.0462159937805626,0
1.0815744835919316,0.09450309044036022,0
-0.12565383002639588,1.0796756849338833,0
0.9865985480421532,-0.47510060713514457,0
0.9202174408130518,0.6096279126963087,0
1.0308045479502033,0.40513875083506745,0
0.6107187264381898,-0.9316437150802028,0
-1.0860075276500025,-0.2529768574682714,0
1.0712378885640585,0.317244539285956,0
-1.1170318483180912,0.02277652668438188,0
0.7690228977334584,-0.8160715325250405,0
-0.7809417660278793,0.8055897606749778,0
0.762103807630181,0.8235383784426196,0
-1.1228409942105537,0.012515509099146376,0
-0.9551072329887098,-0.606344270981756,0
0.053856269754964624,-1.1338368971351889,0
-0.8524291203074587,-0.7533760985194006,0
0.357027285465346,-1.0851766741656899,0
1.0873111813511411,0.35109670707223345,0
-0.7974756673425653,-0.8239047954455369,0
-1.0005637618917491,-0.5685202210603252,0
-0.9164993433288439,0.6983010515343545,0
-0.18266056805161918,1.1409131926016205,0
-1.1147376113554797,0.32280892881904827,0
0.4175495175704184,-1.082989965212446,0
-1.1597316579897727,0.0785847504677349,0
1.1438697891692418,-0.2233175424500106,0
0.9161271337988848,0.7204706558814434,0
-0.3504977240398703,-1.1137590034080218,0
-1.1501972987527644,-0.20141577785224146,0
-1.123032941838114,0.3222862043046784,0
0.7614623943113594,-0.8892530060473338,0
-1.105323444842388,-0.3911162726870492,0
0.5177660693943996,1.0542520404369529,0
1.174254270532004,-0.12031530103426914,0
0.753414681654363,0.9091595898589957,0
1.1816074659609446,-0.01942349179483218,0
0.3209895158765707,1.140487778928327,0
-0.008204313477389412,1.1850447765692345,0
0.48674604803076926,1.0818548896450007,0
0.4337982681664732,1.1066290605781164,0
-1.1900062036983001,-0.026988822966276076,0
-0.5811719970530692,-1.0524151763029856,0
0.07744007419063645,-1.1997454955861326,0
-1.0610656250482524,0.5654724708812434,0
1.2025216007917874,0.05043974289432733,0
-0.3956343808754801,1.1393228956085164,0
0.30635039317550444,-1.1676138635451683,0
1.2070166262822262,-0.11180737656559804,0
-1.2123810405455013,-0.06623989776651919,0
0.31682280188741846,1.1723067610638092,0
-1.1355448196115345,0.44540415450334503,0
-0.3598582547149138,-1.1686736056594849,0
-1.1980985779997078,-0.27033920773076875,0
-0.069004696244482,-1.2297311364784247,0
-1.2313964457525535,0.09066741043130887,0
0.7870639775470306,0.9522995561503087,0
-0.9931014691860744,0.7359301788586944,0
-0.8418463415762886,0.9084416511401535,0
-1.2383200899479314,-0.07526143983970922,0
0.06272107422655766,-1.2412628037661804,0
-0.6715923362418877,-1.0508968306086408,0
1.1553286569503478,-0.46983805935555517,0
0.21502447503962885,-1.2365174986637522,0
-1.2552513527682985,-0.05681356894084179,0
-1.225850986561892,-0.28057343410881463,0
-0.3981983819878596,1.193289791800676,0
-1.2605028917844394,-0.02187426303680723,0
0.41884545299753584,-1.1894734398095508,0
1.2049991552266424,-0.38120451339795486,0
1.239773360195034,0.27482025627468926,0
-0.8810513808157618,0.9152827902164845,0
-0.8074155741328591,-0.9825320424527191,0
1.2505769917209142,-0.23101402428328857,0
-0.8168581183996887,0.9764759901137962,0
-0.46983612844360056,-1.183973718157785,0
1.2224308466493625,0.3756422192302825,0
-0.12483318949930873,-1.2859160986052147,0
0.3201451927832914,1.2550852803640864,0
-0.9223877132825364,0.912531734774999,0
-0.6828137701365922,-1.1072770073353597,0
1.0490523471301265,-0.782690944920205,0
-0.6056826212877494,-1.1617878297797635,0
-0.3756371521830089,-1.2562253550633464,0
0.9425027677652305,-0.917634202659593,0
1.116900485698349,0.7009122060374683,0
-0.7911564576803766,1.058449226572032,0
1.0918450559170505,0.7466569240581352,0
-0.28968274746218026,-1.2960911270177733,0
-1.089835554969257,0.7614409064041349,0
-1.3081186272183245,0.2410356075714025,0
-1.3254098942180035,-0.13447597722986207,0
-0.2003934235699499,1.3205159339064598,0
-0.9553588471866308,-0.9337822525273065,0
0.072187573326328,1.3397714379818648,0
-1.2724210434371928,0.42761476525175673,0
0.9186602390445584,0.9837460091630648,0
-0.19441883155745485,1.3322604060645364,0
-1.2938328442054319,-0.39341795920923633,0
0.3585843533254647,1.3076759765951513,0
0.9876940312951714,0.9362345890525465,0
-0.8576153037920512,1.0576062834287945,0
-0.6170360862312869,1.215045989195712,0
-0.1053718612147273,1.363640257879403,0
1.3639616585609902,-0.1337466106215305,0
0.09927988343479949,-1.3703202734139663,0
0.9970902292160875,0.9544188700040072,0
-1.2738466070919627,-0.5420739264091914,0
0.536457401095577,-1.2773115961503725,0
1.3660461009147271,0.23768028106918584,0
0.3093792596245769,1.3539114722749919,0
0.16879658636666972,1.3799363721285087,0
1.350215320456196,-0.33521909070830364,0
-0.24816237087621715,1.3774224366698775,0
-1.2923073750144571,0.5584892163813745,0
-0.6142781256288267,1.2701924052740634,0
-0.3768596448338169,-1.3602049981637798,0
-0.6341852334562869,1.2645595920828665,0
-0.09422803406674296,-1.414668616894798,0
-0.9860317021816037,1.0201543407314133,0
0.31267672736747154,-1.386706532768966,0
0.3342550982171915,-1.3819359610236626,0
0.22015434775845527,-1.40529362760539,0
0.4316631464718331,1.358202374663589,0
-1.0839667266569046,-0.9276581972611239,0
1.4050220568894374,0.25870068886012715,0
-0.8778921047572878,-1.1312931586288901,0
1.198336520554189,-0.8044807728245685,0
-1.373791246310165,-0.46273674069606097,0
1.4235258049726365,-0.2957481463167071,0
1.4591961150388615,-0.004928262999173102,0
1.3650160213191447,-0.5174378349872346,0
1.3936179942287454,0.4413825695459074,0
-1.4019110382429674,0.41643929208455543,0
-1.173799195522959,-0.87549649405466,0
1.3301656566857676,-0.6157296922949803,0
0.5095496783025217,-1.3873845606805468,0
-0.7545933889551926,-1.2710513382286195,0
-0.8852535042916401,1.184317515478025,0
0.3829406770120957,-1.4320830452776783,0
-1.1968982449658463,-0.8786545631327515,0
0.5236703606322424,-1.396441206116605,0
-0.22268214473508896,1.4785426155308818,0
1.3784988065990382,-0.589214862397903,0
0.24336099077134976,-1.4810502540963275,0
1.5182861980299538,-0.04891187354068715,0
1.512016194468002,-0.17415758930033645,0
-1.278759588582562,0.8282124649687618,0
0.938471966917076,-1.204941945706023,0
-1.408941112809301,-0.5916987523351224,0
1.1366748983100328,1.0257753658971458,0
1.4497688393180443,0.5076420548714683,0
0.7361172869414501,-1.3502226446069774,0
-0.7254996965932021,-1.3602165975534417,0
0.7356970160185302,1.3548577810337417,0
0.2680116008346211,-1.5205003305926132,0
1.4208298530774133,-0.619148700125215,0
1.0143571583601296,1.1744838515747913,0
1.5573082000002219,-0.03192567899294186,0
0.8625800749830692,-1.3022510591321532,0
-0.16167855011120608,1.5543814399578706,0
-0.023157762668678066,1.566020373728435,0
-0.8940369049236621,-1.2865056748367618,0
1.0958358279707052,1.1325242593152829,0
-1.4675243838073757,0.5880141720602161,0
1.1639502909877713,-1.0743488248528577,0
1.0202323504003712,1.2338425597232534,0
-1.6023072585274087,-0.010515999235267276,0
0.019589949058210803,-1.602948092401015,0
-0.85469782799499,1.3608399228277142,0
-0.4855194040424163,1.535737747510687,0
-0.5380409950172202,-1.5187667775586475,0
-0.3447298116613039,-1.5744118505352305,0
0.3701861756861246,-1.5718979768499424,0
-1.0633567530396593,1.2221984646887838,0
0.44466265293439966,-1.5582010625329343,0
-0.28701908272963117,1.5975658734007878,0
-1.601228358790789,-0.27018987194000377,0
0.173749695787545,-1.6260345010353634,0
-1.4513636113797965,0.7691759929532002,0
-1.3246412314393785,0.9768792699843204,0
1.6417187363669417,0.17086051319661272,0
1.1382671312024695,1.19594336029475,0
0.4794524918033934,-1.580169087998406,0
1.628314593281062,-0.28300037921977395,0
-1.1374642713326117,-1.2002945104829263,0
-0.30038654118745484,1.6286197317559528,0
1.421151262089344,0.8504285853811749,0
-1.648298359104694,0.16194794959467737,0
-1.2439757116136685,-1.0970394626786677,0
0.9653472317772536,1.348985733764016,0
0.48791267339121425,1.5858716746109198,0
-1.4577870068955738,0.7978178796970125,0
1.523173129930797,0.6707600162220112,0
0.9219978394017645,-1.3856887754322547,0
1.6678950265285855,-0.13809104206533823,0
1.6497205895041323,0.2948113300782866,0
0.7684026559335543,1.491385226086486,0
0.17762545776894617,-1.6690204120665624,0
-1.6779606631706043,-0.041837881153819416,0
-1.082475006994456,-1.2846835853639071,0
-0.6017357684141772,-1.5709447570816242,0
1.5359548368579763,0.6876255752193771,0
-0.008703260387665767,1.6828392555571603,0
-1.6840276819440372,-0.08822162760668457,0
1.3774585523769922,-0.9737350439554951,0
-0.5495005312727195,-1.5951171524489687,0
-1.4575681854359936,-0.8529104845194986,0
1.6289164637735143,0.4762068556136614,0
1.7006498277035553,0.06790657064435517,0
0.7306484222367013,1.5406707692049384,0
1.5860159123336706,0.6292994284508846,0
1.708545348664489,-0.07890773185092678,0
1.658113722771408,0.42933255754137384,0
0.755039376351648,-1.5378054606166094,0
1.633798038492731,0.5204438067504552,0
0.5694170310160522,1.629144929027184,0
1.6572410278922773,0.48443567906637486,0
1.1020462517486795,-1.3296074681310537,0
-1.4717328939513705,0.9043693593096249,0
1.114172386289252,-1.3265179228609976,0
-0.5094976823456137,-1.6563809668512492,0
-1.3612972548559181,-1.0754040075314957,0
1.4582957654213415,0.9411483426888133,0
-1.737403268471056,0.0034932273410616397,0
1.7380340004344936,-0.10563921879522896,0
-0.9130039512056948,-1.4835297700183625,0
-1.7219812763674178,0.2932502276803175,0
-1.4755513418234352,-0.9363830521419555,0
-0.6185725903602556,1.6419435726864016,0
0.08762149001812622,-1.753388908003566,0
-1.4083599960461783,-1.0485048885230326,0
0.684580630310583,-1.6216992435931301,0
-1.6780907432221828,0.5363365010179983,0
0.08034189220203511,1.7624187461392162,0
-1.251067921553688,-1.245928585761138,0
1.1330633470959992,1.3692678011780075,0
-0.5158837327729902,-1.7012814490828532,0
1.5970148457329285,0.7877781454690124,0
-1.1339526721585251,-1.373710943275427,0
-1.5290008316892858,-0.9450562659062439,0
1.1994574015966328,-1.3401974290492664,0
1.2882352379342217,-1.25606367709163,0
-1.261159588225935,1.2860450697150756,0
0.43630982636891685,1.7494597440871835,0
-1.7691617224206688,-0.34799340984902777,0
1.19986520366363,-1.3494996550709377,0
0.7454299176112162,-1.6488979533852997,0
-0.29722605538666524,1.7868859007710418,0
1.2113381033865451,-1.3475738977894902,0
-1.1593061168865926,1.3959994539228902,0
-1.781615972881286,0.3461668019324886,0
-1.6320187078613577,-0.8052782326350114,0
-0.21552665348800062,1.8241475341035667,0
0.23431621789671422,-1.8234643201547285,0
-1.8392197469501443,0.0199782986147372,0
0.45850754418273637,1.7866495211690285,0
0.11095117716462055,-1.8425209504756908,0
-1.8314030313599723,-0.24269661204927917,0
0.23594477566908778,-1.8350202354926302,0
1.7609364266485965,-0.5728049218219914,0
1.7119124066060731,0.712382085311722,0
1.5876027448342966,-0.969834645017638,0
-1.71272476431002,-0.747039121157873,0
1.6279282496250598,0.9217314569293465,0
-0.27016295652294814,-1.852666409867106,0
-1.8193552029447597,0.44196142752406165,0
1.4523828222489676,-1.1897994857121341,0
1.8788813609672756,0.027047741818593016,0
0.5931913598303661,-1.7847620133254183,0
0.04655501898374379,-1.8804936873446907,0
1.8734757916765168,0.17159143828070866,0
-1.34660758975379,1.3179113840772736,0
-0.1284890634128498,-1.8798942343180172,0
-1.8835455196911823,-0.0892680668574872,0
-1.787613286229597,-0.631220075556756,0
-1.297008017866626,1.383495703705091,0
1.783062309871587,-0.6851166810320924,0
1.7628594111932268,0.7390220153872074,0
-0.07769847253953413,1.914433365932927,0
-1.8351521263134531,-0.5576557110379334,0
-1.418113130641447,1.2918166095126622,0
0.3696045539466497,-1.883529372043878,0
1.1459531001095333,-1.545056057854342,0
-0.44217402521229615,1.8745399758252272,0
0.25801733998960186,1.9110125339402455,0
-1.4719772525715957,1.2547781397727655,0
-1.899279061054907,0.3686461141445858,0
1.7440605446195294,0.8394908841593297,0
1.5032065166054087,1.21942526481232,0
-1.181934418342181,-1.5353984783539545,0
-1.2596198873495024,1.4746830764752636,0
-1.6272171480173447,-1.0635817804211591,0
1.3540069390523886,1.3987803861897021,0
-1.563390381982629,1.1600986242336568,0
1.8521797341944344,-0.6159664980501581,0
-1.6568451767716172,1.0356610846313252,0
0.47272999081016165,-1.9034259070519433,0
-1.4702389284771262,1.2986046059307905,0
-1.7036059187348005,-0.9734016624283723,0
0.9937748867466188,-1.6919965108238877,0
-1.888156217645219,-0.5380920457552247,0
1.4886840479958088,-1.2844126208298485,0
-0.992749909868877,-1.7051106043615811,0
1.8629995353132294,0.6640731306583324,0
-1.7442306479591971,0.9335729678079938,0
-1.8865864762268836,-0.5996417681733373,0
1.3576280442358362,1.4603058057374134,0
1.7275354575863489,0.9984712368772448,0
0.4949134351506953,-1.9345329632907982,0
1.7115272187331898,-1.0295288803655758,0
-1.9877841348377951,0.2476490953406573,0
-1.832233189160712,-0.8127168226019574,0
1.371734087128328,-1.463162219210924,0
-0.6164538385728348,1.909807606996481,0
0.7157803383854789,-1.8758008568388822,0
1.8681402671055163,-0.7382352366859304,0
1.7328666375555368,-1.0160242726516464,0
-0.2573195472729486,1.9938528187174007,0
0.40501593618995374,-1.9731520374511182,0
-1.6620440127473088,1.1490180648966888,0
0.5122322697818007,1.9581134634241184,0
0.7651849129983755,-1.8757422393913514,0
-0.6252448033017214,1.9401196986182463,0
1.9364538997778333,-0.6396798957222034,0
0.17002199305642157,-2.0341593395150617,0
1.9063495318121717,0.735664013125031,0
1.9899301083744125,0.4822142509326351,0
-1.9517456135426734,-0.6236839883635822,0
-2.0477615955464343,0.08493915809347188,0
2.0096293930806035,-0.42303798906991874,0
-1.1317500817353134,-1.7168533382453952,1
1.2932629588378717,1.609390104678652,1
-2.0164905185505213,0.44466843335538875,1
1.672051994232392,-1.2127966613150951,1
-1.7943469002465615,-1.0291083120355558,1
-0.8731176376241858,1.886354547687154,1
-2.077626029899004,-0.13689207683496502,1
2.083255044294842,0.1384363518674826,1
1.6689231068005053,-1.2683198869184638,1
-0.1563177065843448,2.0912348208699774,1
0.06798538806829474,-2.097686081250293,1
-1.7412013559476816,1.1723398932580256,1
-0.4869655280269472,2.0426686135810006,1
-1.6463174038123771,1.323500231492185,1
-0.2982350911834641,2.094716113428665,1
-1.1057874921612019,1.810072106369633,1
-2.040429157278134,-0.5907665203217992,1
0.7732422619307756,-1.9809084364804264,1
1.9907115218639109,-0.7565520720003394,1
0.4327896294622699,-2.0858247855138994,1
0.15092701017639168,2.127827701281097,1
0.5072669831262591,-2.072107520709175,1
-1.784309967952501,-1.171206208782022,1
1.3407880279513218,1.665659384932168,1
-0.06392397015435461,2.13746250055277,1
1.019363888700269,1.8814168371655904,1
-0.2804040312541537,-2.1248111627421236,1
-0.23181324922444382,-2.1331099948897307,1
-0.7776570885270697,2.000980074603328,1
1.6514750420872215,1.3819408792900838,1
2.141130600994439,0.24854415301372912,1
2.075320923458046,-0.5830950452135387,1
-2.1489438016000473,0.19267100705384044,1
2.007986501763209,-0.7921750145667551,1
-0.9983711228892543,-1.9178798055854258,1
1.5458363010887255,1.517475288190199,1
-1.9339367037315438,-0.9861743140008602,1
2.1730394463788265,0.021507042513220005,1
1.1715742083127516,1.8311486468662421,1
1.2814243923131068,1.7567656270011145,1
1.3885687670979856,-1.6779004009950262,1
-0.5432453808946435,2.1091130262482074,1
-1.0196722995764023,-1.9263504097746817,1
0.6927661593627717,-2.0683691926742704,1
-2.1689949488493308,0.24133277456830837,1
1.0397386441349399,1.9218112859558143,1
-0.2838665369033285,2.1668744157872446,1
-1.274748850869627,-1.7756813988728593,1
2.003603467783803,-0.8871242273140423,1
0.7192354707495252,2.0730392064124215,1
0.06448899716158071,2.200226393868692,1
-0.6427180977281451,2.1115553789524815,1
-1.9962231615128507,0.9428514871299875,1
0.33593172711253744,2.182916800577113,1
1.162974900962799,1.8781688317852743,1
2.088539004423879,0.7256808095829759,1
0.7944572827284181,2.0660051769548984,1
-2.0183942006479496,-0.9308829228930331,1
2.2221886423123376,0.08028448865821332,1
-2.224941652008626,-0.07336885966614705,1
0.17304063914022133,2.2202058496082584,1
2.057936540505454,0.8513324275689794,1
-2.178106807200037,0.47025589246278543,1
2.1143745309363076,-0.7116460389926701,1
0.6699574979539848,-2.1312734057918132,1
-0.4991537148261724,2.1792610208011114,1
-1.536921198957259,-1.6286556703812494,1
-0.9601539311510424,-2.024473503074492,1
-1.902513805359923,1.194631575955837,1
1.335212747689784,-1.8096783003250119,1
0.5761560769872895,2.1770958001662706,1
1.9986474948141904,-1.040815374105856,1
1.8796396633865415,1.244374913180321,1
0.6741052380695942,-2.1528426880808222,1
-2.05485091338787,-0.9671260530136908,1
2.2615101917286395,-0.21719701592556262,1
1.790173716328908,-1.400619143131087,1
2.2347413439543136,-0.42702090819275407,1
1.6006066768803364,1.617147499182147,1
-2.219881384832533,-0.5018194867958,1
-0.9534175096668318,-2.0676052572518957,1
-1.388359091557775,1.8161355646550268,1
1.8371884538905507,1.3705682492351026,1
-2.026951773467839,1.07307964907037,1
2.285423322468311,-0.20840844989103294,1
2.258226540353727,0.4455446408594104,1
-0.9998151599603138,2.0734873028604643,1
-2.289468466219663,0.2829423107678994,1
-0.8815564175240511,-2.1322411860467954,1
-1.613776465791124,-1.65300548415899,1
-1.7022046679832892,1.577636617483237,1
-2.080400649245955,-1.0330210649149594,1
2.1648570673702214,0.8459614647659822,1
-0.7975292307470722,-2.185881392673156,1
2.324002019010937,-0.18219365459300668,1
-2.3309476741927577,-0.07360888538809296,1
0.8487258102922715,-2.1737912706933993,1
-2.182966367183079,0.8289818782489234,1
-1.9175398972718254,1.3388040204502103,1
1.3600339678949327,1.9039582741271561,1
-0.3944822790739161,2.306594551563116,1
2.3350005379433445,0.2519725618368014,1
2.286267062330363,0.5388573174850432,1
-2.2843635482453246,-0.5471625331881333,1
-2.056104474644959,1.1420401005828287,1
-2.324180294837816,0.37862588874794,1
2.352786445873911,0.1054063499671982,1
0.5435024779416424,-2.2987155481337265,1
1.4529463058171745,-1.864012033680195,1
2.0179064745484117,1.2351606201440675,1
-1.3168358020769746,1.9661477487595258,1
-1.3436618581980755,-1.9530286453859782,1
1.6806469815753524,-1.6896887210376368,1
-0.7792533069139617,-2.2527571853484645,1
-0.07178082980573208,2.3832007235215005,1
-0.2758651883178302,-2.385334416771148,1
0.6775938854629261,2.30506110650432,1
2.365162012786592,-0.45317091086527317,1
-0.9604622493563763,-2.209904858128372,1
-0.7066279157205553,-2.305019946071984,1
-1.3383742313367486,-2.0176232882471314,1
1.7340567323855043,-1.6940350152418473,1
1.923460393262824,-1.4792508742926027,1
0.8355794736165726,-2.279003092578936,1
-2.2255044288888106,-0.9715597899729107,1
-1.4869323437386457,1.922874366040419,1
0.14297832991319492,2.4356111188582017,1
-1.6271306497085847,-1.822332513181165,1
2.08414574945689,-1.2918714487523073,1
-2.43919275338526,0.2529546059767386,1
-2.2338802237902744,1.022358591285544,1
2.438214553981061,0.3063777240579577,1
2.011864887974018,-1.4146720657807232,1
0.7439974307375702,-2.346688458957026,1
1.5387826551666097,-1.9248684390008166,1
-1.397004240828405,-2.0336417801251145,1
1.0494467229169055,-2.2347932438024913,1
-2.310800272879779,0.8927894192596953,1
1.9150440129874073,1.5723602448484149,1
0.40055529327453115,-2.4485887891262306,1
-2.4183159529150844,-0.5721504552798602,1
-0.8206291525790419,-2.3544115197751814,1
2.3836530147502373,-0.7363270780689665,1
2.08069170419953,-1.3846556597930733,1
-2.48288656021084,-0.3101777651419311,1
-0.8524215665873416,2.3539368499979556,1
2.4529055616682016,-0.5845047904810811,1
-2.4920354701762504,0.39464414969502004,1
0.006770622492113448,-2.531862201107253,1
-0.6699146558946055,2.441797991947998,1
-0.7777059829561165,-2.4142577392156133,1
-2.354130514215957,-0.958678296851641,1
-2.214229208898998,-1.249363449988327,1
-2.4728063503623186,0.6112993083956023,1
-2.5186634041900473,0.41987497427854753,1
-2.299338678142026,-1.1157379656817792,1
-2.426944740669491,0.8014075701663963,1
2.5382864593374324,-0.3113160521912953,1
-0.8761040036279455,2.402631189972939,1
2.3107922871716178,-1.0973315091080988,1
-0.9087038329468654,-2.3921296509423864,1
0.9559004669746434,2.3752131789523894,1
-1.3006575420956532,2.2129578066386006,1
2.4822104839053716,-0.6646074695714231,1
-2.5152369709363205,0.5296660732051134,1
2.435165943992009,-0.8285324269637064,1
2.3853036660410707,0.9836602353438596,1
-2.5409141352133626,-0.4586154660543679,1
2.119680896562153,-1.4743707048678254,1
-0.855489760783977,-2.4378831942636525,1
2.537575546289076,0.4907685476656366,1
2.3479752255627355,1.0830949806313719,1
1.7592741416380617,1.8971385284397062,1
-2.499615378360941,-0.6808787728600785,1
-2.3462093825632406,-1.0995826298546358,1
0.4461693092031873,-2.557372843111653,1
-0.793145550474787,2.4744302268227876,1
0.49305277545856274,-2.551715932443259,1
-2.4473434054257956,0.8788950709494724,1
-0.5581644630590253,-2.544150327925487,1
-1.3663460449042069,-2.222302521978716,1
1.9412331361807285,1.7535751831045643,1
-1.2363548715782724,2.3097800993930653,1
1.6824498678559923,2.019457177876603,1
-0.11361644741747638,-2.627062402953563,1
2.6112666904364157,0.3740015884606586,1
2.5898555697412777,-0.5154551981052943,1
-0.14227751245662829,-2.641207520531124,1
2.354584958175605,1.20563214718318,1
-2.5491311250023205,-0.7158588619444255,1
-0.6457780273626352,-2.574235922256948,1
-2.427247493305349,1.073682224568971,1
-1.0858014231857112,2.423064398308666,1
-1.6262510975010824,2.099832437800859,1
2.048274499347647,1.6948452127881868,1
-2.641329926726918,0.3043436936434928,1
2.2466112672742486,-1.4274649424901678,1
-1.3462080152047406,-2.300818847017024,1
1.5801188225859908,2.147151501483366,1
-2.6629200538201605,-0.1755856597838566,1
-0.3966316936351733,2.640765081723483,1
2.4833171852882323,-0.9848739503449959,1
2.661398063229772,0.29645244133756316,1
-2.56762680585921,-0.7872962018669356,1
2.509126299759349,-0.9641538916167369,1
1.6429072138717895,2.132632740030691,1
1.9122638616775258,-1.9041177872684436,1
-1.4864564021257676,-2.2530478359698862,1
0.6691275721386686,2.626946911281912,1
2.023608276441199,-1.8095906685009133,1
2.644126675411322,0.6399078823885753,1
2.6180077298728754,-0.7434029871600333,1
-1.3537337105407583,2.3685508300642515,1
-2.414079502364958,1.2794751422415502,1
-1.6802268106100506,2.1570554581854706,1
0.36868673752535386,2.7132539196480416,1
1.4293172903317737,-2.335552043555711,1
2.3291933315474385,-1.4401870816226159,1
1.965701342697036,1.910360940156537,1
-1.5070618933146704,2.2901510412841546,1
-0.5357854964763342,-2.6996395641547974,1
-2.7477668408240525,0.34309681499096617,1
0.6919658730543368,2.6834858198688987,1
-0.29030917267391393,-2.757798809066868,1
1.3952783819399286,2.397229244177564,1
0.08605731838717325,-2.774483427255108,1
-1.1641652447973243,-2.524872930038085,1
-2.0756522574258662,1.850063984539384,1
-2.3374828555475933,-1.5126282697960958,1
-2.361727504463649,-1.487019216875028,1
-2.2685958194818263,1.634004150512153,1
-2.762729533959938,-0.4416074989936102,1
2.786947649898821,0.24771214620770868,1
-2.6165471040051402,0.9931859756549536,1
0.21440208652873877,-2.7932550888744925,1
-0.5489075953202608,-2.7485311559025876,1
-2.37746429098296,-1.4851095542753443,1
2.740573215176182,-0.6658663145231835,1
2.5876501759031836,-1.134585785261712,1
-2.6620233249054817,-0.973853930914825,1
-1.724014118677435,2.2508215221936556,1
2.1221797641769484,1.8830467678785954,1
0.9599936075963471,-2.6712401783781603,1
-2.2323722486575592,-1.7645848419007975,1
-1.0585674958698181,2.6415233603505497,1
0.9652356891665067,2.682651336170589,1
-2.2155273395137725,-1.8061717496242076,1
-1.552622266635906,2.4026687260767625,1
-1.3272110105079615,2.537715776637077,1
1.6376127872379038,-2.3585181346793607,1
-0.609604853911537,2.808565675393631,1
-1.4178693918835763,-2.503075235820451,1
0.7079671400814667,2.791197263035759,1
-2.8596691045526024,-0.3613502489350177,1
0.6558542742278359,2.8103630288661106,1
-2.8423009514361124,0.5062485507326941,1
-2.1624194886760426,1.9132185100391856,1
-2.535105296028295,1.3875632104689155,1
0.8809604205463667,2.758162232382542,1
0.226866968910414,2.887604470680155,1
0.7835787774701967,2.7969093724552496,1
-0.1694609635059469,-2.9141774731561902,1
-2.9120770181387488,-0.26084452060849267,1
-1.3599725628066142,-2.6094561499624125,1
0.700798510834049,2.8583268579847148,1
2.902054170432245,-0.5026344431163553,1
-1.796833742175112,2.3374556171286067,1
-2.3782348883431905,1.7582390008529376,1
1.9708042513752457,2.2093161594969057,1
-2.9508433054419574,0.2543665227298061,1
1.5522552735023334,-2.530874797910592,1
-1.323124784736156,-2.658625417333458,1
-1.6420635705202742,2.485710958996489,1
-0.7436774277196565,2.8885223896904435,1
-0.29428627906366406,2.9770335729050674,1
1.4316776358030212,2.6301497954128434,1
-0.44843730875217813,2.964385883637348,1
1.5185344253239417,-2.6066790761244154,1
2.2402525713965145,2.024904168149433,1
-2.8952334860500364,0.9041515128068343,1
0.9808833987638311,-2.879049396001306,1
2.7321276711663725,1.3494782645302665,1
1.845462191571718,-2.427157728980255,1
0.4418520846048658,-3.0169363562506026,1
1.8640336394892594,-2.4237556392741992,1
-0.8637787253006686,-2.937856077301328,1
2.9986730848976797,0.622334213137965,1
3.0607616843160477,-0.3003737448117557,1
0.9835034107882691,2.9144529600184543,1
-2.6368115397473546,1.596992620100475,1
3.078467042226766,0.18714215483700317,1
0.7603668696089184,-2.990746091781486,1
3.087806726895024,-0.02336369904060038,1
-2.6987501810456336,-1.5066512000057173,1
-1.7117716882505716,2.57862573033516,1
-2.1456205199518945,2.233361809588042,1
0.6901833311074713,-3.0352786136157635,1
-3.062400893939175,-0.5601116408555693,1
2.2901502444831747,-2.1106267784719988,1
-2.7704345328316147,1.4278852446041717,1
1.3724380073591442,-2.814654308748335,1
3.0081687609487417,0.881013685118482,1
-1.3618844820431484,2.826324774009067,1
-3.1396922663502735,-0.21584473742973406,1
2.707624306530609,-1.6048831138651634,1
-1.6131752404443638,2.7144020206800548,1
0.8193825554637709,3.052467823409823,1
-3.153746168129536,0.28318080993970185,1
3.120193346879404,-0.5520822808108743,1
-2.0528580492560673,2.426218052078378,1
2.1673018955309953,-2.325913212171459,1
1.4835600517185756,2.8175630342844014,1
-2.5343412432820163,-1.9304563416565421,1
0.5320256195395368,3.156476420896329,1
3.012513416370129,1.093346338302567,1
-1.6897819074079306,-2.726016490842445,1
-2.5343465520778934,1.9721100282947603,1
3.0597813871100503,-0.9782827103923949,1
-1.4539135137697625,2.881129942093409,1
-2.7339705337966778,-1.716052288443257,1
2.4279067441204814,2.1332861499816946,1
1.5621314806595,2.8327366895960235,1
-1.667943450928489,-2.772935880685649,1
2.0998747964669966,-2.4792822291191787,1
-3.262569882861412,0.06767210352019751,1
3.043797493590446,1.2013423150742637,1
2.392959412121302,2.232892866383772,1
-3.2256843921525324,-0.5632407158042261,1
0.0016177311860444117,-3.275930137990438,1
-2.7606110078664603,1.763873943417756,1
-0.6083974759884703,3.2202388924805803,1
2.0649083417278273,2.5487685724858706,1
0.7374246119832008,3.2001298979741395,1
2.880799269621897,1.6036472926358096,1
-1.0486142993679133,3.166215448528041,1
-0.14488065979854148,3.336890511921104,1
-3.304028691641008,0.48971494273951455,1
1.7658002187654187,2.845429061110814,1
0.38751581992333806,3.349370746053763,1
3.1662103025636643,1.170798751309372,1
-0.9025707671796436,3.261735980960753,1
-3.2230368171629555,1.039704468535736,1
2.420299636577234,2.372645376432538,1
3.056969594517598,1.4680161590374559,1
-0.19340317810556418,-3.394153358555956,1
-3.3560171577280244,0.5476055304178565,1
2.856581749225735,1.844863851340869,1
2.357393628316076,2.4606462258886364,1
2.993558683520763,-1.6483642680942638,1
-3.2772133640060788,0.9839058249697122,1
-3.374340061248825,-0.5906143290037204,1
0.42542446806984147,-3.4042783160650987,1
-1.3951481264615382,3.1482772017128453,1
2.6213547491762355,2.2379327692479576,1
3.3062830955020344,-0.9760891087703052,1
-1.8731688538666753,-2.894621647792287,1
2.596519410643872,-2.270597723327823,1
-2.4528588888496285,2.4432681843639528,1
-2.2635680843070016,2.63202242084361,1
3.4743058891973204,0.14143643388570062,1
-0.5058638189561666,3.459990229480132,1
3.1839698471675946,-1.4481183601052703,1
3.474539646431048,0.5266242742839946,1
-3.401081055040783,0.9233011783155046,1
-3.521756571892873,0.21311708086201994,1
0.6308265864869201,3.4878607559925556,1
-3.3124930142911375,1.2859098000402547,1
-3.566430942792567,0.14993755590272734,1
3.57473047531891,0.2042007959289701,1
-3.5507455143071733,-0.4940450355815265,1
-1.248919477933038,-3.3617069771437076,1
-3.5203874440082794,-0.7670126401024291,1
-3.3106707193464424,1.4512706809753482,1
3.3292072896172824,-1.4318815485271315,1
-2.134809200243618,2.9303522104578694,1
-2.2278346083186973,-2.8659508413569132,1
3.6094090980382005,0.42870858232570364,1
-0.036725343463222156,-3.6413780120539707,1
-3.00865808356687,-2.061929812493041,1
2.8436607658301933,-2.2954752957704656,1
1.3673382495774533,3.3964022344127827,1
2.1542519772034345,2.9662575370307165,1
-0.7742116374274816,3.5844365233873523,1
1.6608420225314415,3.289027691182754,1
-3.6659481938587124,-0.3725000873741434,1
-1.3251871677558866,-3.440996533301403,1
3.6835683219461126,0.1863569165961424,1
0.4456070659842582,-3.6614375388494707,1
2.3117314858829934,2.900723092010529,1
-3.715713473867793,-0.015746183073209914,1
-3.163323358589579,1.9578759751791663,1
3.2204908739439033,-1.8628459919731728,1
2.0750787495428575,3.1149410988438335,1
3.6864891143561422,-0.674184832979427,1
-3.741698920800248,-0.34183636024815167,1
-1.0868538254352296,3.6030213290260495,1
-0.09711348726944226,3.763739337697015,1
0.2302541008407158,-3.7585059592721515,1
3.7621738788025487,-0.25323779903771576,1
-3.74757868224557,0.5343770776687622,1
3.7960216761822525,0.06846665599904146,1
-0.16680285140313283,-3.800788806295356,1
2.728825536165915,2.6676926814771678,1
0.5102611490609877,-3.785707988893988,1
0.15342540243005118,3.8274955555010424,1
2.6156728425460685,-2.804750294836491,1
-0.8733952335761535,3.7372485037870398,1
3.05444189845391,-2.340082697380466,1
3.7515204794986854,-0.8595268639065048,1
1.3549497615993162,-3.6095939855901795,1
3.7484574700421733,0.9315879141994821,1
-1.9123412047107573,-3.357509397682058,1
1.8748974612926428,-3.3808087264601214,1
3.8624281160971323,-0.3284287557935073,1
3.5377765336179237,-1.5925534864718893,1
-3.8364184242353216,-0.5928603051003795,1
3.490618392035657,-1.7036361526769876,1
1.14272990416631,3.7124872468764134,1
3.807242524145115,0.7730721882333268,1
-3.826210683135345,-0.6789139000647164,1
3.8678672956707585,-0.4570154125616333,1
-3.184674925714768,2.2743257604893774,1
-3.5149995266883916,1.7285449955528362,1
-2.2658188411158937,3.1998149449491695,1
-3.3963240270002384,-1.9774970554895461,1
1.5772399074117633,-3.601775637201975,1
3.9214649392166283,-0.29359190842895133,1
-3.211060579679234,-2.2726051149249207,1
3.5546764841173215,1.7066051095966295,1
-0.6180117886649045,-3.9010059900367007,1
0.3488557949099566,3.9398197735335456,1
-3.0415175298996933,-2.5345540181649837,1
-3.9281653473639135,0.5934941167871125,1
2.892324529974638,-2.790074769743034,1
-3.801447012498268,-1.3046089081982517,1
-2.387383194486881,-3.250588456392007,1
2.37360267304217,-3.329670419180326,1
-1.1511966093698571,3.93185716470017,1
-0.4780906079532167,-4.072316136447664,1
-3.6552629219820005,1.8581848694551446,1
-1.5238768856725509,3.8361798591660037,1
-3.890168828008599,-1.3830613983474216,1
3.57118803015656,-2.0748990173033803,1
-2.965417967920074,2.9541621326006924,1
0.1883543401724916,4.198932598617536,1
2.9573961973429803,-2.988512295693032,1
2.3500244434940134,3.4883747354253956,1
-3.9143926924020347,-1.5475546504238538,1
-4.072590389352531,1.0689746502942525,1
1.870302445230167,-3.780837169467523,1
-0.036863224962349644,-4.222969468667376,1
-2.299477113495684,-3.54432308608875,1
4.228310420194386,-0.029938646935328467,1
0.31437677795666513,-4.225180750306397,1
-3.749113039354695,1.9824727746449968,1
-2.618133919402528,3.346963595212986,1
-2.559272921941606,3.3953153354703343,1
2.5406248735021917,3.4126439319351536,1
-2.2058049182800437,3.649425293912272,1
-0.897161404542839,-4.1783330312671305,1
1.8571125465791474,3.8736681432137923,1
1.6609529356883643,-4.021938391196439,1
0.5761201907911888,4.323189397577288,1
2.12289490266371,-3.819844251538455,1
4.270191993584421,-1.0159477740137466,1
-3.1495797328830824,3.068599362184582,1
-0.02453105697934135,-4.4190458749673285,1
4.2487820314520715,1.2449863069157074,1
0.7744227613171066,4.394064285420778,1
-4.166468787822737,-1.6744205428477112,1
1.4639733807510003,4.2491172602574085,1
-4.4693133312955275,-0.4988264460107586,1
4.497261748570794,0.7003078247926746,1
-0.5050662629940239,4.5553920460228055,1
1.8599775362890387,4.223924585605431,1
4.125201862881197,-2.094024870568083,1
4.3153806885631685,1.7525845531354938,1
-1.269942878083252,4.503752442531977,1
-4.102887933105203,2.2901074594745516,1
4.523770341297517,-1.4152519871900857,1
3.054390660171581,-3.6384837861191714,1
-1.8849316320988039,-4.3771286482401655,1
1.296893051459421,4.60253193064922,1
1.6596651139076568,-4.529955324054998,1
-4.607293110729125,-1.6470293415234332,1
-1.8523886934168874,4.5578471896123,1
4.01468856616045,2.89543316981888,1
-4.7757210496606906,1.3096656904940032,1
-2.0782954946189514,-4.621217813427168,1
4.7173676649664955,-1.9326658051192418,1
0.3883524360997498,-5.087836450448778,1
-1.8261177008031384,-4.778602646379613,1
0.04693680406064861,5.161470134830587,1
4.248714388297543,-3.245229870367462,1
-2.836590497213417,4.563265908815388,1
2.411303630387348,4.894378077496116,1
-4.523901200801291,3.083686726099491,1
-3.4973911308273604,-4.221812282493792,1
-3.1963390631113517,-4.501465391960059,1
4.922085424184792,-3.0263258019486354,1
4.959635474124858,4.999427965083625,1
5.026342877722383,5.031135652286276,1
4.968665275952764,4.971352912499261,1
4.965686752454561,5.042440770135508,1
4.9396347624843635,5.011580167831286,1
4.933290751018799,4.971646020213243,1
4.984331847407201,5.081818694515644,1
5.101467932937134,4.9479006458043395,1
5.113220624764441,4.970518353142181,1
5.1147115554494516,4.972560761447193,1
5.07175400592041,4.905633782428911,1
5.0387897491738824,4.880181386564006,1
5.059366535723808,5.11252828915449,1
4.94156622662208,4.886113906821395,1
4.8570736259302905,4.985881952626159,1
4.911013589737918,5.124393680505909,1
4.928648251548339,5.138888104640411,1
4.91282291461728,5.133170626318782,1
5.12949538960685,5.092683159407495,1
4.985871208717106,5.172281778220612,1
5.061098674453153,4.822905192168831,1
5.12757381915952,4.86047308299808,1
4.807045276710479,4.954858094444952,1
5.185918008517957,5.0755599070347,1
4.832781020326301,5.12304653473179,1
5.166254818490403,4.862555581184811,1
4.803133357846107,5.091197617758029,1
4.784503358108546,5.029323433377449,1
4.798107698318776,5.093310821275522,1
5.223394050592289,5.021967621280616,1
5.145613792096822,5.178376572983252,1
5.064532738175739,4.770505592762367,1
4.95876066710071,4.764558635083798,1
4.77146644371248,4.918908150261572,1
5.172251130473891,4.822614937160491,1
5.01942351112169,4.752721037461228,1
4.748750127919087,5.0405594684888255,1
5.018713031316868,5.255671505620249,1
5.258334164100213,5.013416790586859,1
4.74213352468562,5.0708145206813215,1
5.1880014619673585,4.8090486573258,1
5.237615773868598,4.871804319609737,1
5.254867989593979,4.908422843966401,1
4.812556778719693,5.196719924787169,1
5.1750379387371455,5.20831591199789,1
5.230228080684344,5.148820757481694,1
5.2322989690424055,4.845083445302156,1
4.756788554632135,4.862739021186906,1
4.959850181883672,4.723578932173842,1
4.823394596363272,5.224399645994496,1
5.172153041139435,5.232374289616302,1
4.879526794659692,4.735396552109648,1
4.99834513922719,4.707341966316754,1
4.85747481833847,5.255682351861035,1
5.266071342160715,5.122121308621009,1
4.725975697827362,4.893133034159918,1
4.859294449452477,4.739023024241548,1
4.809685105494418,5.2275711201828585,1
5.2025357810770885,5.219386732388578,1
5.07212713570144,5.291205743552798,1
4.84835446782869,4.741115232342629,1
4.741791048687424,4.845404358217575,1
4.8373862080203045,5.267746063272888,1
5.193907255561679,4.753881922683974,1
5.236297565796074,4.791343727441137,1
4.685334410635556,4.946849308898462,1
5.319974350009353,4.960678101455174,1
4.762585182941541,4.776515049048884,1
5.327590142235815,4.998330411646192,1
4.866025973415613,5.302537052900112,1
4.817952060286584,4.723351139590902,1
5.142413752867986,4.700483225388241,1
5.308219616769237,5.1263058936713675,1
5.330431666924345,4.94219423832524,1
5.239884812776751,4.760012763265349,1
5.282604442119456,5.188425597044554,1
5.222070928847206,4.74013962177505,1
4.984622985063917,4.6575956065526745,1
4.846234845678693,4.692842319969642,1
4.91366853221747,5.333918770494672,1
5.326753057777246,4.855895779407263,1
4.669170333678668,5.13471032138867,1
5.327953651418837,5.150096962474536,1
5.357930720170421,5.062054461503882,1
5.041612328363156,4.635207422814092,1
5.165488057068569,4.663716722072983,1
4.634249767213044,4.902725429458328,1
5.381606750060008,4.947920417671015,1
5.3067142312539195,5.238497577483998,1
5.306912102945038,4.754863243849305,1
5.359765152563713,5.160278213521234,1
4.609535322171263,5.0819236503052965,1
4.865962916493748,4.624148246553644,1
5.332105476082193,4.776769876476638,1
4.640174270363911,4.821329791456456,1
4.666598532148459,4.775027044853791,1
5.157761954550361,5.371436450254663,1
4.596838695385729,4.922430254879069,1
4.966041151782689,4.588087662767607,1
4.942928207082544,5.409802748471389,1
4.903237741803532,5.403115300412656,1
4.854568260481863,5.3900747550744414,1
4.78141140149322,4.644068587943721,1
4.607569318620909,5.145093790809672,1
5.412755785574668,5.0746068155572885,1
4.995150646095137,5.422241901554222,1
4.831228652322849,4.6100880828385,1
5.189175552795113,4.617797937288006,1
5.357595612428783,4.7604611464666196,1
5.33452309229599,4.724065281904917,1
5.403604277180146,5.164569843760407,1
5.3698798679035695,5.242988317591683,1
4.602837289560425,4.802138028850056,1
5.182802668952866,5.404355683690091,1
5.38876229746949,4.782417154639654,1
4.564367913772919,4.895447452306878,1
5.244815304163768,5.37761266290155,1
5.289597894342292,4.648878472239588,1
5.3980103278484055,4.7776370019492616,1
4.821290669958506,5.419499313832603,1
4.881339792853318,4.555109967934202,1
4.619724664667456,5.265472930105808,1
5.433656137939188,5.169408491038174,1
5.457174595297929,5.100761781963749,1
4.540104477778178,5.096869586849497,1
5.433208094421418,4.799936852698927,1
4.693437263657413,5.367910635368362,1
5.480244263375809,5.032036503467124,1
5.265198612673626,4.596688190940311,1
4.518075203039903,5.052675594674821,1
5.3656824517547275,5.322765973021692,1
5.481256133852615,5.080554090808502,1
4.964436570678876,4.5107484497401655,1
4.858047245016302,5.471258723421466,1
4.740796569102886,5.419704276070216,1
5.3382180175139515,5.363241476765462,1
4.656214704915647,5.360060771153848,1
5.368099766847244,4.654447507806927,1
5.2396079995466005,5.445039355563792,1
4.671198590908093,5.394630077697975,1
4.883337704337567,4.4990728024406454,1
4.492340004629776,5.0838778779422915,1
5.31330472854169,5.424356433630002,1
4.54240291466785,5.268702076550737,1
4.46599431985145,4.937671810023108,1
4.841113334470502,4.485875310320272,1
4.981249158900197,5.538716059075923,1
5.369657207467128,4.607214348881085,1
5.484731353794055,5.243339691685478,1
4.665058020283182,5.430564469877088,1
4.474039272548237,5.147492569502465,1
5.269838914655061,4.524371701270434,1
5.39273890989028,4.618923737403553,1
5.5130358565254225,5.202666788753423,1
4.778571843972635,5.508897113332111,1
4.65916469161681,4.561932498944049,1
5.426313066131453,5.35805394465566,1
4.972999732790339,4.443902606141126,1
4.517936019613668,4.7186027830888575,1
4.517612888016998,4.7169494824297225,1
4.906349399736927,4.446291842756257,1
4.846659663161414,5.542725017058562,1
4.718394673743529,4.508666436565407,1
4.543242779773086,5.337154975780167,1
4.888374077268063,5.557122750999402,1
4.80537530645825,4.464502854639719,1
5.227730994953366,5.526912600190471,1
5.487280526441328,4.696149185747795,1
5.358943215363861,5.449687574341015,1
4.811215305669345,5.545002574912445,1
4.53757201145128,4.647945155948841,1
5.438148156653527,5.3836541976859165,1
4.48781923806969,5.278683231593701,1
4.47546586654841,5.271712815307228,1
4.4682282668299464,4.739510852792175,1
4.416029116206742,4.897673131754411,1
5.101410805386602,4.411219554551513,1
4.589259349983113,5.436434513016576,1
5.532868224079929,5.27588057765202,1
4.580433181059222,5.429714337776692,1
4.470140671882664,4.712748196780878,1
5.561169799038208,4.77755151645404,1
5.312817422861361,4.4824203035769346,1
5.0602968569227205,4.396119788404758,1
5.105161381021949,5.598657744709557,1
5.132747788787167,5.593723924176604,1
4.407718904999485,4.859255895469532,1
4.83924220590651,5.58857553072095,1
5.3542454312523855,5.49861330002026,1
4.9417557211943235,5.61040267485507,1
5.5982130074233405,5.149660299746906,1
5.364720028319104,4.501711685643638,1
4.685148300172707,5.532333295236015,1
5.455240001267522,4.580088287280515,1
5.106210993414448,5.611043993997069,1
5.066523465045019,5.618591572646411,1
5.624295655181935,4.994985125834996,1
4.671712299132961,4.467358630777213,1
5.019058792417661,5.625417094233123,1
5.461165309570499,4.573196878092264,1
4.371926176516581,5.066763733863356,1
5.311107769757754,4.445628600440487,1
4.377109565946372,4.859901863779586,1
5.124763843543656,4.3717247664313215,1
4.599149261085384,4.500113470096885,1
5.427336979663496,4.513123391250556,1
4.957065817752226,4.350360415618669,1
4.348998254092026,4.963586996699789,1
5.620079797843074,4.796600377398595,1
4.414929822114666,4.707583200074694,1
4.485121836096537,5.41785423989036,1
4.817976557380417,4.36209607348814,1
5.653622008074988,5.117515387832272,1
4.721651698120862,5.604954975868525,1
5.3023730691594615,4.405054614270227,1
5.667058352800117,5.02573858845228,1
4.334128496558137,4.947888880199323,1
4.332207082912655,5.048303270661662,1
5.147934010647562,4.346030916217626,1
5.66091517054344,4.8842959534245844,1
5.4588394321189835,4.5038465514104296,1
5.281815209201809,5.616346714779429,1
5.530082931229607,4.575365181067992,1
4.414183695583898,5.346174769981276,1
4.633915408981544,4.4227414995792795,1
5.419097531947078,5.540849053717195,1
4.9741555216809665,4.315305260998407,1
5.207020787685363,4.3449780845431984,1
4.941291543195063,5.6864700752900585,1
4.423145092272786,4.621872121503314,1
5.6115097017710305,4.674684929733348,1
4.834273463416836,4.325162160241416,1
4.341156112716945,4.775195485078611,1
4.4717214599154405,5.46280062847919,1
4.299720120238025,4.924072599878037,1
4.739731685144742,4.344518985710389,1
4.871639262989045,4.305857192876672,1
5.630687516580313,5.317111211947893,1
4.479884021163672,4.522627953831908,1
4.620529304263736,5.595397240490621,1
5.633513163721564,4.687310095793943,1
5.675649329343515,4.791197749609094,1
5.1798952548445385,5.685858901251046,1
5.684979646649062,4.81312177684248,1
4.404122785898573,4.606490041128787,1
4.780718905736311,5.685341186191609,1
5.590432150988783,5.419487687579656,1
4.290310006489697,4.847997340055843,1
4.914997894294803,4.276297736419588,1
4.279029360055133,5.118935983465938,1
4.414567995300958,4.561465210850108,1
4.674902077769471,4.3445403128645586,1
5.462649217139001,5.571719781424348,1
5.40661449678092,5.614716868513817,1
5.728262939109149,5.1159321993945985,1
4.848727869459009,4.275604751658756,1
5.72285237993731,4.838058376392081,1
5.119426228849652,5.736410134881306,1
4.309738407006847,4.714815775784073,1
5.743028843578997,5.092773526405809,1
4.3318316075852685,5.338339544064416,1
4.255275601997912,5.1306759320066035,1
5.111703106334111,5.747926940630661,1
5.458841482446981,5.6069088613456435,1
4.951771070768872,5.760492696169411,1
4.251797647884655,5.148795267738529,1
5.543405425645787,4.462545897833651,1
4.313053205405443,5.335909363504274,1
4.972616453144979,5.764850169398001,1
5.611023904805889,4.536608518200089,1
4.231183462559355,5.003373523788717,1
5.682665145721384,4.644527079591346,1
5.604150317347392,4.517297132919746,1
5.08555507737859,4.231125573739758,1
5.768111362254109,5.101634800610647,1
5.1798616383763925,5.75486252692855,1
5.358194791150444,4.30833522541991,1
5.541413075466817,5.560366249402381,1
4.233771831623503,4.8580630457127345,1
5.24842765359161,4.261316963336797,1
5.676205176709168,4.611189158683289,1
5.671277898441399,4.6019786529376,1
5.765225009687325,5.163132092835238,1
4.453368479234812,5.5607649815974565,1
4.361137292516673,4.545539670430379,1
4.923901850792188,4.219403144454175,1
4.25354073383624,5.250955704913581,1
5.5737081735745,4.458996023760066,1
5.499379524567788,4.388738470939124,1
4.50230737459999,4.386819435280433,1
5.672551499956251,4.585617810052559,1
5.719625075384165,5.330677368473836,1
5.534739463610128,5.584337526729873,1
4.207188204833833,4.991199642900399,1
5.781985277246221,5.131578793821541,1
5.678842096906577,5.410664789367856,1
5.214889850749811,5.766669659074031,1
5.480863584121278,5.6366700660953475,1
5.439085474473715,5.667315611224791,1
5.6976164348348926,5.39254103409078,1
5.132017480643369,5.7900218767568035,1
4.567210400605592,4.322520178621855,1
5.608080864214068,4.4699051900771956,1
4.842313762550327,5.791405289291689,1
5.809442101674634,5.000455643468451,1
4.503954816977005,5.640100474272114,1
4.210749949117668,4.812122132000905,1
4.604995569455644,5.709935396583534,1
5.759889549373391,4.712453678412902,1
5.775291463056648,5.264916774033064,1
4.9663506692808586,5.819368785708041,1
5.817048764764486,5.073753852268729,1
5.684312029133843,5.452769499713001,1
5.133906939083341,4.188328998706889,1
4.742337603161601,5.781847289850501,1
4.23618017324448,5.307922534925389,1
5.760616718496986,5.317107729656626,1
4.335121664593037,5.491133143993156,1
4.249606788917495,5.347736945575852,1
5.447885782503373,4.3024560212494025,1
4.773762408988396,5.800552642854129,1
4.631212422636467,5.746564651924121,1
5.560311734943481,5.622596614391139,1
4.891647015793832,5.836263606651281,1
4.186844262221893,4.773327847489371,1
4.553356506491241,4.283398204528826,1
4.59751400215298,5.742659002497436,1
4.293292794487381,4.536845024694201,1
5.628149195838807,5.567997256088205,1
4.850425569879567,4.165300002771451,1
5.817280635020603,4.765344075033219,1
5.704786211311862,5.480585052836636,1
4.171018914400045,4.797265420377052,1
5.009540022013349,5.856830297805826,1
5.140549248086681,5.845546144756804,1
4.205137382482404,4.678514081909878,1
4.160591593861328,4.819030272784125,1
5.792015224245319,5.339707580022241,1
4.18139899132188,4.727934553523468,1
4.175138615621113,5.2571107471768705,1
4.144952084679506,5.143619841926716,1
5.2655710068382025,5.827833896227751,1
5.442482201412605,5.7484818418584025,1
5.496688619995188,5.719264488196464,1
5.207173567785424,5.849637080340779,1
4.223371133470804,5.402379680754661,1
4.842794555345549,5.861894975503112,1
4.327446685988357,4.436082715257292,1
5.847657668823183,5.238571264956918,1
4.29524074696772,5.5324918454188134,1
4.120437274590971,5.082917845627692,1
5.87848937974624,4.869334333120671,1
5.432983993384864,5.775489609638966,1
5.286758114382977,4.1573738139687855,1
4.801151339635402,5.869819566863279,1
4.242911856508158,4.524989474024418,1
5.600480811840398,5.662760578347848,1
4.283012103368424,4.465172898702137,1
4.480685099456297,4.267432054643056,1
5.142588441771739,5.887802655266794,1
5.615455714835005,5.657570845091769,1
4.891869137158869,4.105763146165597,1
4.962954463449748,5.901600500955055,1
4.510110756325863,5.758172180221034,1
5.891120877559246,5.145156038745848,1
4.096130614271559,5.073793543658727,1
5.544373855069371,4.273479278202239,1
4.725195109378559,5.875046405779526,1
4.938215215682277,4.083299843794659,1
4.2741796789546065,5.563475520298424,1
4.71796745972723,5.8748767270333815,1
4.882673832904223,4.086315028720579,1
4.135394115244368,4.6808459977767924,1
5.448229061834741,5.8110507069938695,1
4.464934031187216,4.2430694476356985,1
4.09555030886675,5.204418307936434,1
4.183018726000758,4.55030669013337,1
5.292280245037101,5.886721453256934,1
5.928736848383496,4.890745950796553,1
5.869899065790388,5.351531268612588,1
4.481181627298333,4.215273975230751,1
4.821721079040486,5.92381315128351,1
5.818896155195983,5.464676580524387,1
4.17048622025252,5.445627277312539,1
4.969417211075362,5.941293463421071,1
4.3332044688696385,5.66604485274914,1
4.395580172784876,5.730812447665444,1
5.484804751090061,5.8173012411122365,1
4.864494355732102,5.940702936260471,1
5.924923720816445,4.776218540234303,1
4.149098519487772,5.438366983503153,1
4.060031861558365,5.19367132840609,1
4.341553909583217,5.701670729544481,1
4.668309818148515,5.904045315350974,1
4.6658058178349355,4.096527121605597,1
5.335321666507355,5.90428137213012,1
4.036878605872054,4.934816430708041,1
4.710433995978698,5.921467232568429,1
4.500920821011649,5.827053408750651,1
5.019782674458749,4.034045106705463,1
4.573975007096976,4.130666466462598,1
4.199894868822315,4.446211141776981,1
5.133299722891937,4.033709932146455,1
5.398947120075642,5.891963316651537,1
5.186665574924853,5.959463445918745,1
5.230802842518505,4.047813191021559,1
5.781860156081187,4.404402506737442,1
5.300509605442488,5.937991936982071,1
5.982795114652167,4.9319398104423655,1
5.004502263252035,4.014603831636489,1
5.972295065193677,5.1699508767431865,1
4.756683547076709,4.04133816538196,1
4.131611468942163,5.474706090192855,1
5.984865836056392,4.900556236774241,1
5.67060927102159,5.7283976577206746,1
5.101177490260404,5.994551980445886,1
4.92521406109575,4.000639232025716,1
4.591776344206343,5.915915064772128,1
5.14268507956381,4.006822278661149,1
4.541919696872202,5.89393175263143,1
3.995707110036142,4.929250436562589,1
5.3007107130646025,4.038132609885898,1
5.278255833511349,5.970433046343787,1
4.782569395066861,5.986092326461521,1
6.010965781186338,5.072038970213672,1
5.7626373014173105,5.6699028457458,1
4.337154169375914,5.7722485829826535,1
5.749876023949013,4.30982228145585,1
5.582334958267549,5.84449855672679,1
3.9812338856087015,5.134662023344603,1
5.936830791868859,5.4223787094249865,1
5.027680127731042,3.9702756066896265,1
5.997844755892837,5.260080723798005,1
5.344402998355128,5.973681154834625,1
4.949507469217908,3.9682144814191638,1
5.8448509439413385,4.401573855615786,1
5.380686839143899,4.036549009820205,1
4.248727775030346,4.284699010332534,1
4.14883706435776,4.406050671314512,1
5.953825443653435,4.5872616028189395,1
5.4884953439064,5.921520643013892,1
5.606901949687358,5.85018701591329,1
5.289367768978361,3.99541632591096,1
5.825932304846994,4.356732988617912,1
4.9798899388566555,6.048322828074396,1
4.684649674436593,3.992633546548987,1
4.894668651823752,3.9495155787746814,1
3.943062088867036,5.010104482521081,1
4.496019947386164,4.0706429059816625,1
3.951222814961795,5.169538437721281,1
4.458707670748928,5.915340019533945,1
5.838349234281773,4.34343027935569,1
5.6768011320796266,4.176450566450993,1
4.078860013801743,4.462575385422168,1
4.827431876943049,3.943611961804164,1
4.383885658847899,4.124519236135942,1
4.92650059675667,6.069634567711093,1
5.742539854278448,5.773981168339121,1
4.0506690977779165,4.4990806866877024,1
5.62484640531058,5.873945059683544,1
4.114660836529682,5.6123282158263885,1
6.018502458122435,5.362555304111618,1
3.958232095413085,5.296340773675713,1
6.066597428712019,4.81029180042637,1
4.40180575121239,4.096384374140086,1
5.853370434017899,5.669865016426242,1
5.317218045015823,6.042054963580867,1
5.901208309896633,4.387067062265844,1
4.449496837050094,5.941857028550279,1
4.393600800365072,4.091326312815373,1
3.9900275559408636,5.4170527224201575,1
4.427853301602854,4.067395793812547,1
4.020715155980395,5.494383406061463,1
3.9351885840536944,4.729149627987031,1
4.233757158712503,5.791060814915289,1
6.085745687478539,4.806937659248638,1
4.373046231100643,5.908537677072684,1
4.3510662976053265,4.105830373760526,1
3.894745389222054,4.974374788935795,1
5.414010958358545,6.027761496026363,1
5.662396734037737,5.888896445715463,1
4.996861334158936,3.890723647190657,1
5.81013307703968,5.758160988347045,1
3.9916593838637553,4.535215030752338,1
4.118984099302084,4.323310731855435,1
5.198676494761811,6.094609448031408,1
6.00990110363357,4.531795280745125,1
5.201526558023065,6.09537374311059,1
4.940220389858671,3.8878349299068704,1
3.9203842129537416,4.7120020417878905,1
4.531587927706789,3.9787626078812774,1
4.143694124717058,5.739420097371001,1
3.936672140624341,5.3911823483175025,1
4.04336419227117,5.610780104648851,1
5.404933778773697,3.9390523501987644,1
3.9226978945863573,5.360744535903859,1
5.81096615770188,5.796371042286768,1
4.100691845413587,4.304862740381889,1
5.360096894989536,6.082388343726102,1
5.713311719955734,5.890694859025176,1
4.704708890464492,6.102492148613717,0
5.116555490930035,3.863016609837319,0
4.095802429485111,5.704026847899524,0
3.878367983387891,5.234890104525082,0
4.401517766079321,4.019644975904848,0
4.69415436180314,6.109408535287217,0
3.8813505668564345,4.728757929406219,0
4.245507335934543,5.874321688611758,0
3.8454039755775797,4.9651797263874,0
3.847664588064996,5.0965485525998195,0
4.143741827849235,5.781394780719271,0
3.9344662116662796,5.461910161558893,0
5.77909950188056,5.863600074140375,0
3.870833700410332,4.71866803320594,0
6.1084720719755286,4.6390316410050705,0
4.188137062876854,4.162341572132285,0
4.886161404686279,3.838696642686375,0
4.482070976562371,3.953365195644499,0
4.933973501227239,3.8318149090817237,0
5.89530575796489,4.237483733201342,0
6.174988392060083,5.064465393638898,0
3.902130094330744,4.573649664526663,0
5.532038766369338,3.9491922009098523,0
5.003142025340088,3.817476147261683,0
4.091591854743156,4.236781349820236,0
3.9950989596857536,5.632323449407472,0
5.931344098976324,5.73829428229206,0
3.8108688279084966,4.979275912193661,0
3.815653768239473,4.890286436561919,0
3.883121427356813,4.579470973383623,0
4.856642914862652,3.8136264284734382,0
5.333137323553438,6.151911555840397,0
6.194613335009313,5.115547976712627,0
6.193670501247223,5.14202084039041,0
4.727997665848564,6.17441615806309,0
4.483697616976378,3.910134493484664,0
6.20623032123914,4.924485498262634,0
4.372904275524731,6.033208644823727,0
5.142014841017567,3.7991761920435083,0
5.245980409081173,6.184893621659691,0
5.01881478732935,3.7867863679176317,0
5.780601669998172,5.9310101620143305,0
4.397761946858443,6.057346006475551,0
5.921470339882781,4.203888373334861,0
6.18560461980585,5.28433685838365,0
4.989093725967601,6.2203755697044505,0
3.924769688736543,5.581157208462899,0
3.778581067477842,4.948906265916807,0
5.453640681998495,6.1362137026844525,0
6.002588090056956,5.7011757032901835,0
4.390545119852923,6.062412460278457,0
6.231500677889162,4.976585867721555,0
4.897248463529186,6.22818029181599,0
4.694668241545899,3.804413221687133,0
4.6358297988025,6.179397988487887,0
4.536412375305804,3.8542455908288673,0
4.9758920202586605,3.762563768947137,0
3.8360074418342673,5.43082369850195,0
6.077841574649797,5.623173727940356,0
5.714544076379418,3.978745992162408,0
4.151588235065325,5.915793288253941,0
6.244288294980641,4.888276956528657,0
4.112037968511576,5.883403589927395,0
3.752702363616191,5.128314406896221,0
5.13791101167619,6.247325779195786,0
5.415062341430174,3.813210584229144,0
5.4419107415235315,3.8214832958367344,0
3.7573337177428785,5.201986652265699,0
3.7734045182251155,5.284588592043529,0
4.1125130039967805,4.103535991071583,0
3.8557262755976436,5.541940350784067,0
6.263094476106524,5.098229767490304,0
3.785384707049702,4.636646502670343,0
6.181980787216631,5.458705850355912,0
6.268154292001083,5.065452710199302,0
5.182014309489979,3.7418032932613183,0
3.8985557844338223,5.647622075891268,0
3.8502378542142024,4.442235262355943,0
5.921998387202578,4.110906305634867,0
4.9884409591243175,3.716554142837472,0
5.2279778391903555,3.7367041641743644,0
5.396536887328299,6.224729780543943,0
3.7243230620959817,5.17745019019185,0
3.8264562539550315,5.544523944614378,0
6.243925823621445,4.643276672694562,0
5.053264172902314,3.7055204859017383,0
6.2590897948023025,4.693574661977888,0
5.080769170089818,6.295681154349434,0
3.7151243226117785,5.1869234525327705,0
5.82084860263088,3.992502812856454,0
6.20319981561226,4.5078928606607,0
4.773282650268578,6.281717326325701,0
3.983624556683087,5.81615458243511,0
6.260789582110332,5.331003283959271,0
4.077474565788356,5.923324096620068,0
4.235854277101319,3.9409185792707957,0
3.694189515855613,4.896666990886742,0
3.887091813377773,4.306709221371387,0
5.100194887817099,3.6917490255066294,0
4.288822766624961,6.103841925859837,0
3.7047621414083585,5.223313059934334,0
4.1596954998211,3.9884697310725583,0
5.7874873202665365,6.054878791825496,0
5.749952145576793,3.9180222828339595,0
5.557974636605092,3.803585019709795,0
6.309994176397603,5.177927352991258,0
4.811821554270469,3.688807525144325,0
4.839226006117317,6.315239208484617,0
3.713018738063998,5.318825661464594,0
3.7526831143994808,5.45554801135632,0
4.158922320244934,6.030970085443353,0
3.743458544183398,4.561482502729429,0
5.01759620808778,6.331462493148392,0
5.7126061599727915,3.8711166947220086,0
3.6714052802096395,4.853065675827998,0
5.316825966524393,6.2989704975795515,0
6.326833581804339,4.827186075648358,0
3.909918992353214,5.778008175996431,0
5.888899028214274,6.00187413296735,0
3.753593767657068,5.490583253836346,0
6.040301245173086,4.1531585037151535,0
3.6718017279244157,5.190831801797062,0
4.950473471040896,3.655767129549816,0
4.5218440705359955,3.742198252126492,0
3.651218679299524,4.906976053593462,0
3.6982900261145697,5.369976281637747,0
4.263297386767451,3.8646316889066474,0
5.538548688692731,3.7578089915904993,0
5.329670795512618,6.313934803010401,0
5.497096348109102,6.265663641781588,0
3.846719605387052,4.2793847527664095,0
6.315287533337359,4.635476531262073,0
4.887204512390326,3.6394622981766886,0
5.102590328025055,3.6367529542447654,0
4.4177115663627875,6.237817900090576,0
3.690717953652955,4.599862410065652,0
5.523465260569944,3.7343958887088564,0
3.967467640672873,4.0989282070232385,0
5.5921662026633125,3.763837000965853,0
4.002269516212677,5.9404314912886615,0
5.815129076450418,3.8955226435623524,0
3.642888325659448,5.214775177313834,0
3.806369848985162,5.681980741443889,0
5.46342313339434,6.297806356847649,0
6.020839820709691,5.926775297577566,0
6.359029652248641,5.240197768304822,0
4.805694028172004,3.6318835764660267,0
3.6173377497832293,5.032714204793317,0
6.276102268071838,4.4571493345217235,0
4.186413623920846,3.876278924911321,0
4.523645399186251,6.305445411038935,0
5.8345687911579445,3.8843485952069545,0
5.92120076932611,3.9540173308691857,0
5.191958269053539,6.38299246214861,0
3.602737519914464,4.948839717541949,0
4.101756943532489,6.072834173324299,0
5.8411585046634205,3.8811788743242897,0
6.305476417423264,4.492150896244321,0
4.4541454849030035,3.708609685967617,0
5.7086075791164355,6.211662272916453,0
3.6437273777105164,4.633037117545286,0
6.165867087307695,5.784878220329963,0
4.615058624793631,3.6449170558113755,0
3.699778967589623,5.552773550555223,0
3.7599777491478275,5.678571173964825,0
6.384784188965712,5.287673442773068,0
6.147426320047613,5.827659569748881,0
4.027682712760915,6.03128299494683,0
4.421297033484063,3.7043464354877536,0
5.916710909652288,3.915301351810071,0
6.383429850784365,5.3260892736129835,0
3.927416049172531,5.936366126929218,0
5.990303807289578,6.024854635979123,0
5.567063809998533,6.309548922236187,0
6.159909861475907,4.163496069427526,0
4.694758915153069,3.5952919971636934,0
4.225725872152147,6.214964737478879,0
6.403290112950069,5.326909536206044,0
6.40289528687892,4.6596846247040125,0
4.339283250160418,3.7142559201487835,0
3.5845125095857617,5.316568310927065,0
5.878322236582065,3.843897130120225,0
6.438053867513789,4.790832992093409,0
4.439912904201983,3.651318478089509,0
6.295222719563133,4.322949129819061,0
3.5434844247932205,4.840753288643812,0
5.220459097625226,3.5498226006396756,0
6.38535790349699,4.51243928141349,0
6.192994935969743,4.142153645658502,0
6.4574915016391055,5.186719114796133,0
3.5443132996750926,5.204595766468907,0
4.466615652392832,6.370192612550592,0
6.453874479772248,5.233707520919796,0
6.472926601754664,4.947810541374611,0
6.474654928503806,5.0198656383600895,0
5.702295816566,6.299799168440254,0
3.5873477802844915,4.555758904891617,0
5.317448215453128,6.453343168147324,0
5.94527358733745,3.849067579799055,0
4.489659628239207,6.403988837982902,0
6.492403242407658,4.879611077313115,0
5.932409775139944,3.827028427702567,0
4.589702642379594,3.555626044691066,0
3.7582872827237344,5.844433845158379,0
4.3992534325424035,6.376987152270403,0
6.186234167954578,4.076799121131604,0
3.777583658664268,5.883484355275405,0
6.443519910704387,5.4387893345319664,0
6.199396986236689,4.0830666367770005,0
3.5071750170503044,4.761770159549941,0
4.222644975671121,6.297096155846473,0
5.444493070130815,6.4464956755215646,0
5.692372643432787,3.6540408201583956,0
6.308023982824278,5.761768805966335,0
4.91127558668734,6.512770113726015,0
6.25087499461025,4.134775277726573,0
4.750136544057475,3.49914704463798,0
5.034197659521314,6.521315195851521,0
6.068478920900342,6.085213471557882,0
3.8233523667325766,5.971201439500801,0
4.004391261068113,3.841783047723805,0
3.8404601100631353,4.003955906789446,0
5.983725097774658,6.170460501188417,0
4.040805353207649,3.808952966942017,0
4.874948155950429,3.473808623629994,0
6.4230730109607395,4.433651538530255,0
6.4355891706386785,4.453179922708394,0
6.007139118905044,6.161884390968186,0
4.90597129493421,3.4643761727017646,0
4.315703361261571,3.6213798898221414,0
4.108860805239509,6.254900846406361,0
5.604276714698953,3.584288253024639,0
4.661705810446705,6.5038265027762625,0
6.290811098190697,5.843435168787738,0
3.536972770388683,4.494670907456105,0
6.313236892712792,5.833175283727428,0
4.281872801039504,3.6191291397810637,0
5.754042036108071,3.6382101717137862,0
3.8706388263275424,6.072630088776037,0
6.515189466177739,4.636945362824532,0
3.449767287431139,4.833606571136413,0
5.8650518700075,3.693420419616677,0
5.275136498370619,3.4411107283520903,0
5.669439953244072,6.434784336001361,0
6.581691225355645,5.094387842071474,0
4.016984238506894,3.7539829741380206,0
6.582104412672305,4.872820169262182,0
3.42265048486043,4.819089636952928,0
4.4847888984501685,3.494790892309436,0
6.254566020555633,5.981135784954653,0
4.197961654016153,3.6235790235817866,0
3.6005137160559855,5.763721632965645,0
5.093693999196587,3.407707458900087,0
6.335928989849725,4.127249625679923,0
6.577559348198567,5.263682039609782,0
5.557264889959081,6.500416003272432,0
5.975195863680338,3.7152124946116527,0
5.416712651182196,6.558805150300859,0
3.442487669802729,5.424911821175815,0
6.584075496007364,4.676336238813731,0
5.934129441236509,3.6782587536382785,0
3.5660799231678695,4.238613635269816,0
4.397537825362844,3.4923895819302575,0
3.4954742392363043,4.388135943880898,0
5.2201984019688155,3.382396439528451,0
5.155784288111025,6.6264905331919435,0
6.3111656017832605,5.976603096700954,0
5.579292555576571,3.4698632301971513,0
4.16827290650838,3.589142811036449,0
4.869533475182848,6.636410785610192,0
3.5157901103571523,5.701834216740453,0
3.3780409065242765,4.729701063466495,0
5.11254630987863,3.3562463157311155,0
4.923831435726975,3.3475066738245363,0
3.34417297430167,4.906445413690279,0
3.6310960429217696,5.938048398264046,0
4.612012854562618,6.6143678116518965,0
3.728858658940518,3.9303646723837913,0
6.628817923948311,4.653581428769865,0
3.339338571370937,5.181273949252611,0
6.683974664253784,4.898222274286379,0
5.885441607340439,3.5598511124519474,0
5.149946776078603,6.691505952956353,0
5.199718768147183,6.686534302661522,0
3.3323828625626843,5.32190238206425,0
4.090731904833397,3.565154726931796,0
6.695984562574725,4.898084771020695,0
6.190873145920181,6.218377361533942,0
5.781982971686631,3.4844148353338023,0
5.358033422436733,6.671416963692392,0
6.549135563924204,4.27341648709515,0
3.6536811202522843,3.941645959252943,0
5.3545246957933506,6.675681786073446,0
3.452264021850736,4.265890881101724,0
3.9965710367587115,6.389283785358844,0
3.293617861869561,4.839744537008128,0
6.714520408030023,4.995053548448723,0
3.709425694461782,3.863012171232582,0
6.418651063536808,4.022372221640357,0
3.5426827828772796,4.079476327744768,0
3.9685871288318184,3.6182800542995386,0
4.769090429719977,6.7121770268020065,0
5.418131141334924,3.3219976959682715,0
3.3830293760591372,5.61626329988189,0
4.350487907154552,6.605773542422517,0
6.267041172221112,6.184748103454312,0
3.286664351721037,5.277512868944208,0
3.2766455212103236,5.214539154222359,0
6.0709406190515836,6.368117993679004,0
5.925065615472322,6.476075853308378,0
4.118984867165187,6.513924877310128,0
6.304927309748025,3.8299393833921695,0
4.659622586465916,6.721194031992482,0
6.7555153630162295,4.954205758694652,0
5.1244715807379295,3.234530446017965,0
5.060233877673187,3.231165403662871,0
3.8337139208174413,6.332861991109037,0
3.4630026894240142,4.1188472506307825,0
3.229861170795555,5.127112361016046,0
4.235439835511542,3.3969238921592373,0
4.431915847985608,3.3135622231208375,0
3.272843029091459,5.443460018000369,0
3.5692948027378515,3.9327177998411535,0
6.147215773575429,3.631145035487993,0
3.237109456164707,4.700763183923096,0
3.4220968250856787,5.849912231188491,0
6.764201776924601,4.646478448501752,0
6.336569505400278,6.213744137679301,0
3.423752266597452,4.117893812034332,0
6.776636495660225,4.665910687877447,0
4.058744616751542,6.547766226564763,0
6.723271613439925,4.434518699663619,0
6.813806236076595,4.896542301202153,0
4.541512254831129,3.2375577744656683,0
4.347184516061401,6.70140028554769,0
5.362153208890638,3.2121458841177013,0
3.2699550976200404,4.387963463533165,0
6.480641854482826,3.9131292236741206,0
3.403338255426129,4.083847918295843,0
5.560758735123052,6.7570564727608655,0
4.890366500020624,6.847967085123147,0
6.748294393594187,5.6113579540674925,0
3.1896478311192964,5.397540078563292,0
3.1514696648187197,4.851066181881288,0
5.1835428454451975,6.848799490122246,0
3.140891789964431,5.006444660264568,0
4.056913234384642,6.602595195671311,0
6.795106658295521,4.482924212760583,0
6.4375943582744055,6.19743601214478,0
4.251576116268852,3.28331757337088,0
3.603221895710342,3.7476930675736204,0
6.288022593749617,6.366351092678204,0
3.1133999552309177,4.934723421308952,0
6.563066991400631,3.9397924045090567,0
4.738656167563713,6.870757505051742,0
3.3031621095307404,4.148300987143692,0
4.681462487022548,3.1279091331966633,0
3.784142630429584,3.5319121525510226,0
5.04603699224707,3.092995580369432,0
3.782681190907252,6.471010786313247,0
3.1450404137840335,5.4828202195667926,0
5.572464842342622,6.829893227644778,0
6.828608337323828,5.5789019173470065,0
6.912941368938707,5.178969889496773,0
6.41141641586242,3.6951976517459877,0
3.2017212011627243,4.301841178576581,0
3.5182540372129743,6.237953015689366,0
3.094229509869839,5.355273162801902,0
6.8913180575778945,5.42734385156835,0
6.241292143403285,6.495335815471336,0
3.7458672734654486,3.50970898500493,0
6.930498217934028,4.737355279912052,0
3.482596209368238,6.2443371001180035,0
3.7374983836678943,6.503295665882161,0
3.513176944495645,6.288706856972018,0
6.39700270986121,3.6139682640980126,0
3.4390410790863406,6.199760706868262,0
5.685915746053996,6.85270696894691,0
3.161538547800965,4.266223058232543,0
3.910885708339338,3.3359810770644653,0
6.79251759801279,4.134134265958318,0
4.162581911520167,6.807692736203531,0
6.992325857092052,5.198204775794654,0
4.532785929951606,6.948441411779923,0
3.568737183123692,3.5977652250892103,0
6.438353627792884,3.599811049902729,0
5.769163082712497,3.139650803977827,0
6.383398859314019,3.5357405417144965,0
3.5977949397533147,3.544714196055153,0
3.733379336323228,6.58655220758444,0
3.120747719548568,4.2174714578610075,0
3.9542734123229613,3.253015432012414,0
4.47108145541506,3.0210062082784526,0
4.69125505626637,2.972743820157123,0
6.801985774020162,4.004760574192238,0
7.056893853538257,5.180419714174237,0
4.112696429379685,3.131817815543391,0
6.741868878765726,6.131347207967007,0
6.317629526623587,3.376699937822882,0
3.0452796079729416,4.2411434458154815,0
4.813401537176601,2.911053555061488,0
6.297092391701818,3.349254325029908,0
5.803426612548227,6.947138352975805,0
7.008749477528038,5.638930723307947,0
3.7860253552737944,3.276456441920627,0
7.095600702160176,4.720657818282101,0
7.104185399561649,5.2272570642236404,0
7.02969902945904,5.632407654508836,0
3.1640426222060247,3.9038463773088754,0
2.944943622412833,5.599074989513827,0
3.080940374509947,5.976651079062217,0
7.109736963376724,5.511302493264927,0
4.23239177387749,2.961978481323288,0
3.010713574687002,5.89514632326137,0
2.9895199930804344,4.131077503208062,0
5.640165456848815,2.9050973158994764,0
6.199060284729457,6.837670854183889,0
5.2607228427573425,7.202297975430989,0
2.8109877063556166,4.609760700984003,0
6.666930511879096,3.5210200391655713,0
6.668062350073039,6.48573354110213,0
4.947741502747237,7.245019818973937,0
7.168953917143037,5.5874821470270755,0
2.9351293229276716,4.087572425754132,0
2.878610562261421,4.208446464754094,0
3.1553777263095277,3.683008409928863,0
2.9511672412409093,4.01025561165385,0
6.8070101701545855,3.615333872014537,0
6.703775485778586,6.510627591811509,0
5.406504185675799,7.2406930905445375,0
3.0584475618975078,3.8092617269184657,0
5.17970376219156,2.7216206391955264,0
6.903530398438427,3.715602252332615,0
4.310762541805916,2.793081317784812,0
3.189167210525575,6.464235468396426,0
2.6787271674918944,4.785905634253287,0
2.915859927109345,6.054540241964044,0
3.674846482200098,6.930135975705939,0
7.284885330270738,5.688305825929303,0
2.682216922683105,4.414146347415995,0
6.514220948676168,3.126587101793933,0
6.6542543753418775,3.2367706865245633,0
7.341121656314164,4.386442989791197,0
7.406586589041261,5.315202413920491,0
4.1702354744372165,2.715383565159819,0
2.7085281946349085,4.175548249534137,0
6.690108978316324,3.2403168053082316,0
6.749408843414805,6.7238782444527185,0
5.25485799282392,7.4627816159574305,0
6.600681834995433,6.898107736668802,0
6.38439160867663,2.936469365001289,0
6.048913761483825,2.742832182345169,0
6.1232843943028925,7.231483978115676,0
5.7420292889023115,2.594239324081426,0
5.436178725997206,7.483625478023692,0
2.5527982948533,5.636151559442464,0
6.9935706717553785,6.584878452314219,0
3.368037234993472,3.0172423594558184,0
7.542334601099514,4.620856579872014,0
7.073810589437553,3.4482631494268374,0
7.565203882084241,5.4855013915863395,0
5.392322555430905,2.4071060147060677,0
6.534148673807893,7.12857508087397,0
5.910635368480766,7.4634940435333,0
3.464099557339166,2.8670604311789236,0
3.9593043880090146,2.5754627863884454,0
4.260583299736746,2.4156788939370832,0
4.600006611798396,2.3416128678199635,0
2.8753094749282684,6.672370258787566,0
6.7785062555438,7.065150929692868,0
3.598811453260347,2.6596136149827827,0
3.5382297497898323,7.306931174653565,0
3.1836634196786227,2.940692702837696,0
7.633002455846626,4.126146513361872,0
3.847617122246664,2.4682353273890905,0
2.357935168700243,4.000409975002737,0
7.7610263400927,5.600448996853199,0
6.523005485825612,2.6149837698765985,0
5.970977227641424,2.275451236092319,0
7.327715450857495,6.732464133004851,0
3.2706125014641367,7.331277040381503,0
7.865601646335971,4.324485048846311,0
5.151255582943524,7.9449843143315295,0
2.07266627526772,5.66073991547502,0
8.006051553149621,5.071142710724372,0
5.480674208967063,8.003123295365933,0
4.3893958620206925,2.020254374540314,0
8.019669595952289,5.602455931207385,0
1.8737985221574833,5.274482010036678,0
7.720085209568135,3.3862161020554855,0
7.432555795246225,7.030063491958405,0
6.088315262044483,2.0186279897046813,0
2.8994745264300112,7.405715463046629,0
8.211847471525049,4.833898749581454,0
3.9347209774991923,1.9307931723351266,0
2.895337389142111,2.4468817197898085,0
8.292694321715965,4.4976252878741265,0
7.956398766697003,3.415240960748457,0
8.094979511828084,3.585342289600649,0
7.950795686344631,3.074931860851052,0
